OBJECTID,Input_FID,Americ_ESPop,Asian_Pop,Black_Pop,Hawn_PiPop,Hispanic,Multi_Race,WhitePop,Other_Pop,TotPop,Shape__Area,Shape__Length
1,989,71,0,532,79,47,57,42,66,583,1461417.81494141,4499.99991697542
2,1912,14,0,4,11,2,11,140,10,163,1461417.81591797,4499.99991697356
3,1816,4,1,2,5,2,8,91,3,89,1461417.81542969,4499.99991695949
4,1395,1,0,2,3,1,3,26,1,40,1461417.81542969,4499.99991696211
5,1390,37,4,57,41,19,35,252,26,311,1461417.81542969,4499.99991697008
6,1411,23,5,24,29,77,25,164,4,259,1461417.81494141,4499.99991699666
7,1381,10,2,1,14,4,15,170,13,158,1461417.81542969,4499.99991696322
8,981,3,0,4,1,4,6,40,3,50,1461417.81494141,4499.99991698632
9,961,34,0,78,38,494,6,210,3,597,1461417.81542969,4499.99991698252
10,990,72,1,394,45,25,60,158,53,619,1461417.81445313,4499.99991698167
11,595,2,2,18,4,4,7,164,7,163,1461418.18457031,4500.0004852327
12,566,12,2,15,10,2,8,169,8,232,1461417.81542969,4499.99991697363
13,166,7,16,42,7,11,8,95,6,153,1461417.81494141,4499.99991695606
14,266,6,10,39,6,6,8,95,5,188,1461417.81494141,4499.99991699208
15,268,1,5,31,2,5,2,137,1,175,1461417.81542969,4499.99991698103
16,473,3,3,3,1,1,2,19,0,39,1461417.81494141,4499.99991697625
17,495,5,7,21,3,1,8,94,5,150,1461417.81494141,4499.9999169674
18,468,3,5,53,2,9,6,150,4,186,1461417.81445313,4499.99991695035
19,466,8,20,51,6,18,6,78,3,149,1461417.81494141,4499.99991698561
20,488,3,13,17,4,36,6,123,4,197,1461417.81494141,4499.99991698782
21,661,12,5,52,19,254,15,213,1,445,1461417.81494141,4499.99991698747
22,688,9,4,64,11,17,11,224,13,292,1461417.81542969,4499.99991697258
23,666,19,9,83,17,30,21,239,20,337,1461417.81494141,4499.99991697613
24,668,6,6,15,2,6,7,128,5,165,1461417.81445313,4499.99991698078
25,695,5,4,13,6,2,6,196,4,189,1461417.81445313,4499.9999169948
26,673,14,34,108,13,29,10,259,13,451,1461417.81494141,4499.99991699953
27,868,19,4,41,27,5,21,260,16,283,1461417.81542969,4499.99991699522
28,890,45,6,309,48,50,40,161,29,587,1461417.81542969,4499.99991699684
29,888,24,1,249,27,39,22,11,11,333,1461417.81494141,4499.99991698304
30,861,19,6,88,18,169,12,138,8,268,1461417.81494141,4499.9999170108
31,1081,3,0,1,2,6,4,42,4,52,1461417.81494141,4499.99991695145
32,1083,6,0,0,2,8,2,51,5,55,1461417.81445313,4499.99991696356
33,1111,11,0,29,13,76,15,49,4,120,1461417.81445313,4499.99991697956
34,1088,51,1,160,34,23,50,208,48,422,1461417.81445313,4499.99991697008
35,1090,43,2,342,33,30,41,176,41,560,1461417.81542969,4499.99991694729
36,1295,2,1,0,3,1,2,55,2,70,1461417.81445313,4499.99991698439
37,1318,2,1,4,7,0,2,57,5,72,1461417.81494141,4499.99991696498
38,1290,27,12,44,22,24,23,225,29,334,1461417.81494141,4499.99991698625
39,1288,28,6,45,39,28,37,328,39,425,1461417.81445313,4499.99991697549
40,1311,18,0,6,20,29,24,35,25,74,1461417.81494141,4499.99991698625
41,1283,25,2,2,23,29,32,255,30,300,1461417.81542969,4499.99991698515
42,1281,7,0,1,8,3,10,140,5,121,1461417.81396484,4499.99991697642
43,1304,4,0,0,3,2,3,112,3,114,1461417.81396484,4499.99991697711
44,1504,6,2,0,6,1,8,134,4,135,1461417.81445313,4499.99991698169
45,1481,16,1,0,16,0,19,192,15,183,1461417.81445313,4499.99991699073
46,1483,26,1,6,37,38,26,296,30,348,1461417.81445313,4499.99991697922
47,1511,26,2,15,19,55,20,156,10,235,1461417.81542969,4499.99991697473
48,1488,13,7,85,15,57,15,202,16,360,1461417.81445313,4499.99991695728
49,1516,12,11,71,10,11,5,133,16,211,1461417.81445313,4499.99991698245
50,1518,10,4,29,7,3,5,143,10,223,1461417.81445313,4499.99991698177
51,1495,3,1,0,1,0,2,41,1,37,1461417.81494141,4499.99991697525
52,1695,0,1,0,5,1,2,25,1,43,1461417.81494141,4499.99991698939
53,1718,8,4,2,1,7,6,100,3,118,1461417.81494141,4499.99991696356
54,1716,7,3,55,4,2,7,102,9,169,1461417.81494141,4499.99991695839
55,1688,23,6,29,13,22,15,246,15,268,1461417.81494141,4499.99991698515
56,1711,8,1,10,12,25,8,103,10,136,1461417.81445313,4499.99991698225
57,1683,8,1,0,3,4,9,69,7,69,1461417.81494141,4499.99991697084
58,1681,6,0,0,9,1,8,97,6,108,1461417.81445313,4499.99991699108
59,1704,8,0,0,5,0,9,93,10,116,1461417.81445313,4499.99991699608
60,1888,31,5,2,25,2,20,230,25,198,1461417.81542969,4499.99991697855
61,1916,4,1,3,4,1,4,107,6,103,1461417.81494141,4499.99991697787
62,2116,11,0,10,11,5,5,156,8,159,1461417.81494141,4499.99991698338
63,2088,26,0,2,29,7,30,181,28,162,1461417.81494141,4499.9999169948
64,2089,8,1,9,8,3,9,151,6,148,1461417.81494141,4499.99991697515
65,1988,8,0,8,10,1,5,187,8,174,1461417.81591797,4499.99991699563
66,1989,7,0,10,17,2,16,167,13,162,1461417.81542969,4499.99991697353
67,2016,13,1,8,13,3,9,120,13,146,1461418.18408203,4500.00048523613
68,2017,15,1,0,6,1,9,85,7,107,1461418.18408203,4500.00048522682
69,2018,5,2,0,13,1,10,107,4,72,1461418.18359375,4500.00048522827
70,1917,2,1,3,3,1,7,105,6,101,1461417.81494141,4499.99991698421
71,1889,23,0,2,28,4,22,219,24,234,1461417.81494141,4499.99991697456
72,1804,0,2,0,0,0,2,22,2,23,1461417.81542969,4499.99991694949
73,1805,2,0,0,0,1,3,32,0,29,1461417.81494141,4499.99991694314
74,1812,10,1,2,17,6,11,141,20,154,1461417.81542969,4499.99991694001
75,1788,25,1,2,32,5,17,199,24,208,1461417.81494141,4499.99991695949
76,1789,18,1,1,19,9,18,193,23,216,1461417.81494141,4499.99991694991
77,1817,3,1,6,8,2,6,102,4,113,1461417.81542969,4499.99991695329
78,1818,6,4,2,4,2,7,92,7,94,1461417.81542969,4499.99991696584
79,1796,3,1,0,3,0,4,61,7,64,1461417.81494141,4499.99991695956
80,1696,1,0,1,1,0,3,38,0,39,1461417.81494141,4499.9999169958
81,1717,3,2,17,6,6,7,114,7,119,1461417.81445313,4499.99991699411
82,1689,7,7,29,12,10,10,176,10,238,1461417.81494141,4499.99991697559
83,1712,28,4,11,30,19,34,262,20,283,1461417.81494141,4499.9999169898
84,1710,14,1,5,10,28,14,108,14,145,1461417.81542969,4499.9999169628
85,1682,2,1,0,9,1,4,77,8,78,1461417.81542969,4499.99991696204
86,1705,5,0,1,8,1,1,114,6,106,1461417.81542969,4499.99991696211
87,1603,6,0,0,7,0,10,92,6,98,1461418.18359375,4500.00048523334
88,1604,5,0,0,7,0,7,114,3,111,1461418.18457031,4500.00048523386
89,1605,7,0,0,6,0,9,92,6,106,1461418.18359375,4500.00048523248
90,1581,4,0,0,4,4,7,99,5,112,1461418.18408203,4500.00048523486
91,1582,13,3,0,8,2,12,159,11,136,1461418.18457031,4500.00048523182
92,1583,23,8,0,28,24,32,363,29,423,1461418.18408203,4500.00048523537
93,1610,27,3,4,23,31,14,171,25,184,1461418.18505859,4500.00048522903
94,1611,7,3,10,7,31,16,138,9,154,1461418.18359375,4500.00048522006
95,1612,26,1,18,30,13,19,221,19,265,1461418.18408203,4500.00048521834
96,1588,42,9,48,45,47,38,314,40,436,1461418.18505859,4500.00048521903
97,1589,10,3,30,3,13,11,200,8,224,1461418.18457031,4500.00048523113
98,1616,16,10,93,10,13,17,116,17,228,1461418.18457031,4500.00048522158
99,1617,5,3,29,3,5,2,94,9,146,1461418.18457031,4500.00048520372
100,1618,6,2,9,6,6,6,113,8,114,1461418.18359375,4500.00048523817
101,1594,5,1,3,5,0,1,85,4,90,1461418.18408203,4500.00048523106
102,1595,1,1,0,0,1,1,34,2,30,1461418.18408203,4500.00048523037
103,1596,0,2,0,0,0,0,27,3,29,1461418.18359375,4500.00048523655
104,1496,0,0,0,4,1,3,40,2,35,1461417.81542969,4499.99991698625
105,1494,2,3,6,7,4,6,78,3,77,1461417.81542969,4499.999916976
106,1517,5,3,13,2,3,8,77,3,123,1461417.81591797,4499.99991696976
107,1489,17,3,37,25,15,14,198,12,257,1461417.81542969,4499.99991698356
108,1487,19,5,80,26,47,9,128,3,265,1461417.81542969,4499.99991698939
109,1510,26,5,26,30,118,41,267,15,392,1461417.81445313,4499.99991697542
110,1482,14,5,0,15,2,15,200,22,218,1461417.81494141,4499.9999169666
111,1505,5,0,1,6,4,9,136,9,146,1461417.81494141,4499.9999169798
112,1503,3,0,3,5,2,3,118,4,98,1461417.81445313,4499.99991697735
113,1377,4,0,1,5,0,3,101,5,100,1461417.81542969,4499.99991698346
114,1404,5,1,2,6,2,5,146,7,134,1461417.81396484,4499.99991697887
115,1405,13,0,1,10,5,11,154,15,135,1461417.81494141,4499.9999169678
116,1382,17,3,3,8,3,15,159,8,179,1461417.81494141,4499.99991698404
117,1383,30,5,4,35,50,23,272,24,331,1461417.81494141,4499.99991698439
118,1410,33,10,20,38,83,34,243,17,306,1461417.81445313,4499.99991698787
119,1387,17,1,54,32,24,19,117,17,184,1461417.81445313,4499.999916976
120,1388,33,9,85,33,58,24,214,25,358,1461417.81542969,4499.99991698598
121,1389,34,5,34,37,8,30,238,35,252,1461417.81445313,4499.99991697015
122,1417,19,7,88,13,27,13,216,12,403,1461417.81494141,4499.99991697169
123,1418,9,1,73,10,9,8,143,10,264,1461417.81542969,4499.99991698218
124,1394,7,1,4,4,1,5,59,9,63,1461417.81494141,4499.99991696507
125,1396,0,0,2,1,0,3,32,1,33,1461417.81494141,4499.99991698615
126,1296,2,2,2,3,2,4,53,3,53,1461417.81445313,4499.99991696925
127,1294,4,0,4,3,0,2,66,6,73,1461417.81494141,4499.99991697083
128,1317,8,3,6,12,8,5,172,8,163,1461417.81494141,4499.99991697187
129,1289,34,3,46,34,29,36,314,22,487,1461417.81542969,4499.99991696552
130,1287,18,3,16,24,6,20,153,26,173,1461417.81542969,4499.99991696711
131,1310,44,1,29,51,169,59,354,6,568,1461417.81445313,4499.99991697949
132,1282,10,1,1,12,1,11,143,11,142,1461417.81542969,4499.99991698066
133,1305,5,1,0,5,2,2,107,4,126,1461417.81445313,4499.99991698556
134,1181,10,1,2,3,2,7,80,5,86,1461417.81396484,4499.99991697252
135,1182,2,0,4,5,3,8,89,3,99,1461417.81494141,4499.99991697515
136,1183,4,0,2,7,11,2,61,5,47,1461417.81396484,4499.99991698684
137,1210,41,5,48,37,111,36,304,21,421,1461417.81494141,4499.99991697439
138,1211,22,0,35,16,54,19,120,19,177,1461417.81494141,4499.99991698228
139,1187,35,4,106,34,19,33,152,26,289,1461417.81494141,4499.99991696608
140,1188,38,15,99,32,52,29,396,26,589,1461417.81494141,4499.99991699362
141,1189,45,13,163,52,126,36,326,13,597,1461417.81542969,4499.99991697414
142,1190,40,3,95,31,103,33,337,17,537,1461417.81445313,4499.99991698515
143,1217,8,1,19,9,7,13,208,13,226,1461417.81494141,4499.99991698066
144,1218,4,0,4,1,2,2,70,7,67,1461417.81542969,4499.99991696625
145,1194,3,0,1,7,1,2,62,2,54,1461417.81445313,4499.99991697794
146,1195,13,0,2,13,5,21,93,15,112,1461417.81445313,4499.99991697728
147,1196,10,0,1,19,1,13,82,14,91,1461417.81494141,4499.99991697949
148,1117,4,1,6,7,2,9,76,10,70,1461417.81494141,4499.999916959
149,1089,49,3,380,52,54,53,109,51,520,1461417.81494141,4499.99991695908
150,1087,24,0,94,22,35,32,88,16,227,1461417.81542969,4499.99991695177
151,1110,11,0,10,14,38,14,107,6,165,1461417.81591797,4499.9999169877
152,1082,5,0,2,3,4,6,51,6,43,1461417.81494141,4499.99991695518
153,955,1,0,1,0,0,1,15,1,10,1461417.81494141,4499.99991697432
154,982,5,0,15,8,28,8,31,1,73,1461417.81494141,4499.99991698708
155,983,3,0,19,9,30,8,28,2,74,1461417.81542969,4499.99991697318
156,960,6,0,17,4,37,8,24,4,62,1461417.81494141,4499.9999169789
157,987,30,1,206,35,65,29,32,21,293,1461417.81494141,4499.99991697894
158,988,52,2,432,49,51,55,42,48,526,1461417.81494141,4499.99991696718
159,967,3,0,2,0,1,0,14,0,12,1461417.81542969,4499.99991699656
160,896,11,3,0,5,1,7,77,15,81,1461417.81542969,4499.99991699108
161,867,11,1,70,15,9,15,184,15,285,1461417.81542969,4499.99991699294
162,889,44,2,327,40,74,46,99,18,482,1461417.81542969,4499.99991699404
163,887,17,0,144,16,32,28,36,12,221,1461417.81445313,4499.99991697738
164,860,25,0,68,21,374,20,262,1,549,1461417.81542969,4499.9999169627
165,855,4,0,1,0,0,1,21,0,38,1461417.81542969,4499.9999169666
166,760,29,4,48,28,323,31,338,4,548,1461417.81445313,4499.99991698956
167,761,19,9,48,20,220,17,160,1,356,1461417.81494141,4499.99991697782
168,787,30,2,310,24,234,37,146,3,682,1461417.81494141,4499.99991697851
169,788,32,5,230,26,76,24,81,23,345,1461417.81542969,4499.99991697811
170,789,27,6,155,41,42,27,114,29,334,1461417.81542969,4499.99991698351
171,790,34,9,217,21,20,29,121,31,357,1461417.81494141,4499.9999169827
172,767,27,6,43,21,10,16,261,25,323,1461417.81445313,4499.99991698083
173,768,21,5,43,23,10,20,271,26,303,1461417.81494141,4499.9999169859
174,795,13,7,3,11,4,16,302,15,315,1461417.81542969,4499.99991699044
175,796,12,4,2,19,2,9,338,10,334,1461417.81494141,4499.99991697287
176,674,9,22,18,4,6,7,120,8,164,1461417.81494141,4499.99991697184
177,696,3,3,10,8,4,7,233,3,267,1461417.81494141,4499.99991699328
178,694,14,3,15,14,4,13,139,9,192,1461417.81494141,4499.99991698392
179,667,6,5,21,3,5,4,126,7,178,1461417.81542969,4499.99991698358
180,689,29,3,263,22,45,22,156,24,473,1461417.81494141,4499.99991698816
181,687,10,2,55,7,32,10,112,5,191,1461417.81494141,4499.99991697787
182,660,18,2,16,18,95,13,137,2,224,1461417.81494141,4499.9999169923
183,562,10,3,10,6,8,9,66,8,129,1461417.81445313,4499.99991697973
184,588,5,4,39,11,20,8,214,3,275,1461418.18408203,4500.0004852366
185,589,6,7,37,14,14,16,208,15,234,1461418.18457031,4500.00048521937
186,567,3,3,24,8,4,4,160,6,198,1461417.81542969,4499.99991697537
187,568,3,4,20,4,4,3,147,1,171,1461417.81445313,4499.99991697258
188,594,2,1,22,7,2,4,162,2,184,1461418.18359375,4500.00048523718
189,596,6,5,15,6,5,2,157,4,173,1461418.18408203,4500.00048523067
190,573,15,1,36,15,9,17,97,10,170,1461417.81494141,4499.99991697735
191,574,6,12,15,7,1,7,89,13,111,1461417.81494141,4499.99991697647
192,474,4,1,3,2,0,0,15,0,25,1461417.81494141,4499.99991698578
193,494,4,9,18,6,2,8,82,7,112,1461417.81542969,4499.9999169737
194,467,4,8,39,4,12,8,120,4,184,1461417.81445313,4499.99991698253
195,489,11,9,45,1,14,9,132,10,208,1461417.81542969,4499.99991697829
196,389,3,15,23,6,25,6,114,4,140,1461417.81494141,4499.99991697985
197,366,4,12,43,3,18,6,64,5,131,1461417.81494141,4499.99991695949
198,367,1,6,46,1,11,8,132,3,165,1461417.81494141,4499.99991696454
199,368,2,5,35,3,5,2,135,4,190,1461417.81445313,4499.99991697566
200,294,8,10,26,4,8,5,79,4,130,1461418.18359375,4500.00048522165
201,267,3,7,50,7,3,5,141,4,160,1461417.81542969,4499.99991697777
202,289,7,2,9,5,16,5,91,5,131,1461418.18408203,4500.00048524265
203,189,7,5,17,4,12,4,108,3,127,1461417.81494141,4499.99991694984
204,167,5,7,56,4,13,3,122,4,173,1461417.81445313,4499.99991696216
205,168,2,7,41,3,3,2,128,1,200,1461417.81542969,4499.99991694484
206,194,5,8,20,6,10,5,70,6,119,1461417.81445313,4499.99991693209
207,94,9,19,39,5,8,4,106,7,175,1461417.81445313,4499.99991696902
208,89,8,7,8,3,2,4,59,6,82,1461417.81494141,4499.99991697351
209,115,10,16,36,9,11,5,144,8,208,1461417.81542969,4499.99991698515
210,116,7,12,31,4,7,4,116,11,164,1461417.81445313,4499.99991699149
211,90,14,17,20,22,10,24,228,17,290,1461417.81542969,4499.9999169727
212,117,10,12,42,8,11,5,171,7,201,1461417.81494141,4499.99991697189
213,92,11,14,37,6,10,8,177,9,246,1461417.81445313,4499.99991698532
214,91,10,11,21,7,6,10,139,14,152,1461417.81494141,4499.99991696512
215,118,5,14,39,3,6,2,162,1,207,1461417.81494141,4499.99991697887
216,93,11,14,35,11,12,4,170,6,244,1461417.81542969,4499.99991696635
217,119,7,13,41,4,6,1,139,3,202,1461417.81542969,4499.99991700818
218,219,2,8,35,3,7,2,127,2,206,1461418.18359375,4500.00048526272
219,169,2,9,28,1,9,2,125,2,224,1461417.81542969,4499.99991693768
220,144,2,3,34,5,4,7,89,5,120,1461417.81542969,4499.99991699835
221,218,4,11,38,4,6,2,140,2,197,1461418.18359375,4500.00048526387
222,193,5,7,35,2,5,2,136,3,209,1461417.81494141,4499.99991693971
223,143,2,9,41,4,5,3,159,5,206,1461417.81445313,4499.99991699277
224,217,3,8,48,3,6,4,127,3,216,1461418.18408203,4500.00048525836
225,192,4,8,38,3,7,5,121,4,185,1461417.81347656,4499.99991694442
226,191,6,11,47,6,14,2,117,3,162,1461417.81494141,4499.99991693739
227,142,2,11,37,1,11,4,144,2,203,1461417.81591797,4499.99991698946
228,141,2,19,54,9,10,8,85,4,178,1461417.81542969,4499.99991698951
229,216,7,5,43,4,12,4,110,6,176,1461418.18457031,4500.00048525137
230,190,6,10,22,7,16,11,72,9,136,1461417.81494141,4499.99991693459
231,140,9,8,38,10,11,4,90,6,201,1461417.81445313,4499.99991698684
232,215,7,8,6,3,12,4,88,5,104,1461418.18408203,4500.00048527416
233,165,6,7,55,8,9,10,103,12,188,1461417.81494141,4499.99991694903
234,139,3,8,17,3,10,5,81,7,119,1461417.81445313,4499.99991696461
235,315,6,11,40,4,16,6,66,3,144,1461417.81445313,4499.99991695782
236,265,4,7,17,7,9,6,89,8,117,1461417.81494141,4499.99991696701
237,316,11,6,37,5,22,4,71,5,155,1461417.81494141,4499.99991693815
238,290,5,10,51,4,20,10,86,3,169,1461418.18457031,4500.00048523549
239,240,5,11,34,6,12,8,100,6,153,1461417.81494141,4499.99991699306
240,317,7,13,43,3,10,7,135,5,212,1461417.81494141,4499.99991696392
241,292,4,6,47,5,9,4,145,3,204,1461418.18359375,4500.00048524137
242,291,4,8,35,1,14,5,104,4,157,1461418.18408203,4500.00048525649
243,242,3,10,29,2,13,0,155,3,200,1461417.81542969,4499.99991698061
244,241,8,15,48,9,14,3,107,4,155,1461417.81445313,4499.99991697527
245,318,1,12,34,6,2,0,142,2,187,1461417.81494141,4499.99991696579
246,293,3,7,33,2,2,2,159,2,179,1461418.18457031,4500.00048525713
247,243,2,5,21,2,1,1,144,0,231,1461417.81494141,4499.9999169638
248,319,2,5,36,5,2,2,147,5,203,1461417.81494141,4499.99991696049
249,269,2,8,39,1,12,0,154,4,175,1461417.81494141,4499.99991696147
250,244,6,10,31,3,13,7,84,3,122,1461417.81542969,4499.99991699504
251,420,8,7,12,9,1,7,67,8,91,1461417.81542969,4499.99991696973
252,418,4,7,41,4,8,3,163,2,202,1461417.81542969,4499.99991698659
253,393,2,4,33,4,6,4,146,2,189,1461417.81494141,4499.99991699654
254,343,4,8,41,1,7,5,146,0,198,1461417.81494141,4499.99991693616
255,417,2,9,42,3,6,2,134,3,150,1461417.81494141,4499.99991698608
256,392,2,12,31,2,4,2,152,3,221,1461417.81494141,4499.9999169766
257,391,8,6,32,2,7,3,63,6,145,1461417.81494141,4499.99991697909
258,342,2,13,45,0,5,4,135,6,200,1461417.81494141,4499.99991695699
259,341,7,12,51,6,14,5,76,5,158,1461417.81494141,4499.99991695903
260,416,4,15,39,4,14,5,62,3,129,1461417.81494141,4499.99991700649
261,390,6,11,30,9,13,3,68,5,139,1461417.81542969,4499.99991697613
262,340,8,13,40,12,16,7,71,2,128,1461417.81445313,4499.99991694192
263,415,6,17,37,7,20,4,89,6,151,1461417.81494141,4499.99991698613
264,365,5,12,56,7,13,7,74,6,133,1461417.81542969,4499.99991697164
265,339,5,12,24,6,37,3,88,3,165,1461417.81494141,4499.99991695251
266,512,8,3,6,9,18,10,75,8,92,1461417.81494141,4499.99991696368
267,487,12,6,52,12,32,9,107,14,177,1461417.81542969,4499.9999169837
268,514,8,10,31,5,20,8,206,4,278,1461417.81445313,4499.99991697113
269,513,13,2,58,11,29,9,110,8,198,1461417.81445313,4499.99991698421
270,464,7,13,21,10,32,6,138,3,215,1461417.81542969,4499.99991697252
271,463,5,5,41,2,34,9,127,9,194,1461417.81542969,4499.99991696432
272,438,9,12,13,15,28,5,116,3,175,1461417.81445313,4499.99991698346
273,515,5,5,33,6,8,7,161,7,189,1461417.81494141,4499.99991697444
274,465,3,14,50,2,12,4,59,9,139,1461417.81494141,4499.99991697875
275,439,6,6,25,6,28,3,111,2,172,1461417.81494141,4499.99991699544
276,516,6,8,32,6,8,10,159,9,205,1461417.81494141,4499.99991697083
277,490,4,17,39,8,22,7,90,8,151,1461417.81494141,4499.99991697782
278,440,5,21,40,4,11,5,67,5,142,1461417.81445313,4499.99991697385
279,517,3,5,21,3,3,4,143,4,172,1461417.81542969,4499.99991696816
280,492,4,16,43,3,10,3,152,3,206,1461417.81494141,4499.99991696304
281,491,5,4,33,6,21,5,83,6,169,1461417.81542969,4499.99991695868
282,442,3,4,34,0,9,4,124,3,211,1461417.81494141,4499.9999169984
283,441,5,9,47,4,9,5,71,9,133,1461417.81494141,4499.99991699747
284,518,5,6,26,4,2,3,152,2,162,1461417.81542969,4499.9999169823
285,493,6,4,35,1,5,2,142,2,204,1461417.81445313,4499.99991698527
286,443,1,9,30,3,4,2,138,3,160,1461417.81494141,4499.99991697101
287,519,6,4,15,4,7,6,130,2,190,1461417.81494141,4499.99991697782
288,469,3,5,34,3,10,2,146,4,183,1461417.81494141,4499.99991698247
289,444,6,11,20,3,7,11,54,3,96,1461417.81445313,4499.99991697804
290,520,4,9,9,6,5,2,163,5,170,1461417.81445313,4499.99991697468
291,470,5,10,22,11,6,8,55,5,81,1461417.81542969,4499.99991699404
292,445,4,7,11,8,3,7,57,7,92,1461417.81445313,4499.99991697723
293,522,6,4,17,4,5,8,138,7,150,1461417.81445313,4499.99991698404
294,523,7,4,23,10,10,9,122,8,140,1461417.81494141,4499.99991697939
295,497,6,5,17,7,3,4,54,5,77,1461417.81542969,4499.99991697096
296,524,5,12,14,9,2,1,81,4,116,1461417.81494141,4499.99991698625
297,498,7,4,17,10,4,10,52,10,101,1461417.81494141,4499.99991697015
298,624,8,12,14,13,2,9,124,11,138,1461418.18408203,4500.0004852441
299,598,8,14,53,8,12,8,159,20,241,1461418.18457031,4500.00048522368
300,548,15,6,31,13,16,15,102,15,144,1461417.81494141,4499.99991698025
301,623,16,21,83,16,40,7,292,20,432,1461418.18408203,4500.00048523729
302,597,18,7,42,17,12,11,127,13,176,1461418.18408203,4500.00048522403
303,547,18,2,31,14,7,17,90,12,141,1461417.81494141,4499.99991698142
304,622,4,3,20,8,3,13,152,3,189,1461418.18457031,4500.00048522606
305,572,3,2,13,5,7,4,153,8,164,1461417.81445313,4499.99991695408
306,621,7,5,15,5,2,2,154,7,164,1461418.18408203,4500.00048523648
307,620,5,8,8,6,3,4,156,4,169,1461418.18359375,4500.00048521158
308,571,5,2,6,3,1,1,145,2,162,1461417.81494141,4499.99991697625
309,570,4,3,14,1,0,3,144,4,173,1461417.81494141,4499.99991698409
310,545,3,3,19,5,2,3,146,2,175,1461417.81494141,4499.99991698968
311,619,5,2,24,2,3,1,153,5,178,1461418.18457031,4500.00048523525
312,569,3,4,16,4,2,4,154,3,166,1461417.81445313,4499.99991695937
313,544,8,2,15,3,1,6,161,5,187,1461417.81494141,4499.99991698787
314,618,1,2,13,2,2,6,148,2,188,1461418.18457031,4500.00048522822
315,593,10,1,18,6,6,5,135,3,151,1461418.18359375,4500.00048523118
316,543,4,2,14,8,6,2,157,3,172,1461417.81542969,4499.99991698189
317,617,3,5,25,3,5,5,158,6,212,1461418.18359375,4500.00048522898
318,592,5,5,22,3,4,4,150,3,188,1461418.18261719,4500.00048524067
319,591,7,2,17,9,5,4,187,3,188,1461418.18359375,4500.00048523025
320,542,4,5,22,4,9,8,151,3,184,1461417.81591797,4499.99991697549
321,541,10,1,22,5,5,8,182,16,222,1461417.81494141,4499.99991699323
322,616,9,1,24,11,7,10,190,10,195,1461418.18359375,4500.00048524253
323,590,10,1,28,11,8,7,208,11,205,1461418.18359375,4500.00048522175
324,540,10,2,29,6,6,10,208,10,224,1461417.81494141,4499.9999169724
325,615,12,2,31,14,13,15,204,9,255,1461418.18408203,4500.00048522984
326,565,9,3,15,9,5,8,193,8,230,1461417.81542969,4499.99991696647
327,539,11,2,33,13,16,15,186,13,249,1461417.81445313,4499.99991698265
328,614,12,5,48,16,15,9,214,16,259,1461418.18408203,4500.00048521979
329,613,13,6,57,5,25,11,133,8,215,1461418.18359375,4500.00048522292
330,564,7,6,39,6,17,5,228,9,321,1461417.81445313,4499.99991698845
331,563,6,3,60,7,37,4,109,7,186,1461417.81542969,4499.99991696728
332,538,10,2,41,6,18,9,211,13,277,1461417.81494141,4499.99991697549
333,612,7,3,34,10,110,14,162,8,241,1461418.18457031,4500.00048522136
334,587,12,5,46,10,29,11,123,9,187,1461418.18457031,4500.00048523508
335,537,8,6,44,6,35,7,102,8,179,1461417.81445313,4499.99991697549
336,611,11,7,26,13,92,15,136,8,207,1461418.18408203,4500.00048522444
337,610,20,6,16,19,72,24,155,10,228,1461418.18408203,4500.00048522729
338,710,17,5,37,26,183,25,180,5,339,1461417.81494141,4499.99991696292
339,711,29,3,39,22,197,22,181,6,337,1461417.81494141,4499.99991696199
340,686,24,3,51,28,291,16,222,1,467,1461417.81445313,4499.99991699608
341,685,30,7,42,22,158,38,205,1,317,1461417.81494141,4499.99991697787
342,636,19,7,54,17,261,15,232,0,435,1461417.81494141,4499.99991698777
343,635,15,4,66,23,195,20,209,3,363,1461417.81494141,4499.99991698696
344,712,34,5,113,25,470,38,324,1,649,1461417.81542969,4499.9999169877
345,662,15,11,58,19,271,21,228,2,459,1461417.81445313,4499.99991698963
346,637,12,4,45,9,38,12,128,12,202,1461417.81494141,4499.99991698311
347,714,16,8,214,24,43,23,182,19,399,1461417.81542969,4499.99991698625
348,713,14,7,221,27,107,21,142,6,413,1461417.81494141,4499.99991697642
349,664,4,4,44,12,12,8,220,8,281,1461417.81494141,4499.99991699958
350,663,8,3,38,13,27,8,143,9,207,1461417.81494141,4499.99991698671
351,638,12,4,58,13,13,12,198,8,285,1461417.81494141,4499.99991698137
352,715,33,7,179,27,38,25,181,24,386,1461417.81445313,4499.99991698172
353,665,18,11,100,14,32,23,250,23,388,1461417.81542969,4499.9999169823
354,639,16,1,50,6,22,8,233,10,293,1461417.81494141,4499.99991697718
355,716,23,10,159,19,29,18,208,25,420,1461417.81494141,4499.99991697613
356,690,21,6,99,23,38,27,229,22,361,1461417.81445313,4499.99991697723
357,640,20,5,74,28,21,18,203,10,321,1461417.81542969,4499.99991697963
358,717,13,8,32,12,5,13,178,15,215,1461417.81445313,4499.99991698689
359,692,5,4,21,9,8,6,136,9,181,1461417.81494141,4499.99991698787
360,691,6,7,25,1,3,5,144,7,192,1461417.81542969,4499.99991697892
361,642,4,4,20,6,2,6,165,6,159,1461417.81591797,4499.99991697235
362,641,3,0,22,4,9,3,143,6,186,1461417.81494141,4499.99991698789
363,718,17,4,34,9,2,13,182,11,215,1461417.81542969,4499.99991699061
364,693,3,7,29,6,2,8,132,9,157,1461417.81542969,4499.99991699014
365,643,4,4,14,4,4,3,155,5,195,1461417.81494141,4499.99991697637
366,719,13,8,32,20,9,23,154,18,226,1461417.81494141,4499.99991696216
367,669,7,5,20,7,8,5,149,5,158,1461417.81494141,4499.99991700156
368,644,7,7,20,4,4,4,147,4,197,1461417.81494141,4499.99991695547
369,721,12,6,11,9,2,6,303,15,355,1461417.81494141,4499.99991699497
370,720,31,1,14,34,3,32,144,35,192,1461417.81542969,4499.99991697985
371,671,4,1,17,4,1,4,167,6,187,1461417.81494141,4499.99991697096
372,670,5,5,13,1,2,4,150,3,187,1461417.81494141,4499.99991698951
373,645,4,4,16,2,5,5,164,8,183,1461417.81494141,4499.99991697083
374,722,6,11,3,6,4,7,265,9,255,1461417.81494141,4499.99991695483
375,672,7,10,27,5,4,5,187,4,231,1461417.81494141,4499.99991699108
376,646,5,1,9,6,3,4,133,2,182,1461417.81542969,4499.99991697299
377,723,9,2,8,3,2,2,55,6,78,1461417.81494141,4499.99991696682
378,697,15,20,81,14,24,7,191,13,295,1461417.81494141,4499.99991696187
379,647,17,26,104,18,25,8,264,17,470,1461417.81445313,4499.99991699463
380,698,10,27,63,6,27,6,182,7,260,1461417.81542969,4499.9999169959
381,648,14,35,101,23,46,8,276,15,466,1461417.81445313,4499.99991697613
382,797,5,5,1,6,1,2,45,2,50,1461417.81494141,4499.99991699921
383,747,4,2,0,7,1,5,37,3,45,1461417.81494141,4499.99991696554
384,822,10,7,6,10,2,15,262,7,277,1461417.81445313,4499.99991697777
385,772,9,5,6,9,3,7,266,6,273,1461417.81542969,4499.99991698863
386,746,7,10,15,11,5,12,325,12,356,1461417.81445313,4499.9999169702
387,821,13,7,8,13,1,17,238,13,243,1461417.81494141,4499.99991698497
388,771,12,6,11,13,5,10,306,13,354,1461417.81494141,4499.99991697444
389,770,24,4,15,21,1,21,268,17,267,1461417.81494141,4499.99991697368
390,745,21,5,10,15,3,11,320,13,341,1461417.81494141,4499.99991696839
391,769,16,5,14,16,3,24,259,18,250,1461417.81445313,4499.99991698172
392,744,35,3,11,37,3,38,185,38,196,1461417.81494141,4499.99991697008
393,818,17,7,71,18,13,15,211,19,316,1461417.81494141,4499.99991696135
394,793,20,0,2,18,1,24,290,28,302,1461417.81494141,4499.99991698333
395,743,18,5,38,13,3,14,202,14,269,1461417.81494141,4499.9999169603
396,817,16,4,71,20,9,21,229,14,345,1461417.81542969,4499.99991696684
397,792,26,10,59,29,10,18,279,28,368,1461417.81396484,4499.99991698485
398,791,28,2,43,24,14,34,298,24,325,1461417.81445313,4499.99991698515
399,742,18,6,35,27,10,15,186,14,259,1461417.81542969,4499.99991696909
400,741,16,10,47,17,9,18,213,19,219,1461417.81494141,4499.99991697554
401,816,25,6,165,25,22,27,226,23,426,1461417.81445313,4499.99991696169
402,766,27,11,186,36,28,31,244,26,492,1461417.81542969,4499.9999169788
403,740,24,7,214,28,33,35,114,29,387,1461417.81542969,4499.99991698083
404,815,26,5,210,25,25,19,94,19,327,1461417.81494141,4499.99991698532
405,765,39,4,202,28,38,27,146,39,390,1461417.81494141,4499.99991697647
406,739,32,5,225,34,54,38,160,38,466,1461417.81445313,4499.99991696473
407,814,33,2,134,22,37,28,33,26,188,1461417.81494141,4499.99991698608
408,813,30,1,104,27,38,27,52,28,168,1461417.81445313,4499.99991694476
409,764,22,7,255,33,36,29,147,26,442,1461417.81494141,4499.99991696466
410,763,28,7,388,29,210,28,136,1,677,1461417.81542969,4499.99991697833
411,738,33,7,370,35,109,28,157,16,629,1461417.81445313,4499.99991698456
412,812,46,6,119,47,344,46,162,10,571,1461417.81542969,4499.99991698235
413,762,53,2,119,60,588,55,313,0,812,1461417.81494141,4499.9999169688
414,737,32,9,322,24,326,32,217,3,757,1461417.81445313,4499.99991697922
415,811,21,1,42,19,216,20,181,1,345,1461417.81542969,4499.99991697297
416,786,24,10,74,26,328,38,183,0,501,1461417.81396484,4499.99991699706
417,785,27,6,45,22,337,28,265,0,521,1461417.81494141,4499.99991696263
418,736,46,1,109,47,526,31,353,2,766,1461417.81591797,4499.99991696677
419,735,31,5,48,29,274,22,224,2,410,1461417.81494141,4499.9999169998
420,810,37,2,44,41,304,34,304,2,527,1461417.81542969,4499.99991697787
421,905,1,0,0,2,0,0,16,0,10,1461418.18359375,4500.00048523603
422,880,2,0,1,3,4,4,45,6,63,1461417.81445313,4499.99991697473
423,830,1,1,1,2,6,3,64,2,73,1461417.81542969,4499.99991697635
424,906,2,1,0,0,6,3,40,1,49,1461418.18408203,4500.0004852253
425,856,4,2,3,2,2,2,55,5,68,1461417.81494141,4499.99991697904
426,908,9,0,4,8,25,5,75,6,101,1461418.18408203,4500.00048522158
427,907,4,2,6,3,8,0,68,2,72,1461418.18408203,4500.00048523402
428,909,9,0,12,6,30,5,74,7,113,1461418.18408203,4500.00048522582
429,859,15,1,15,17,32,19,99,11,151,1461417.81445313,4499.99991698784
430,910,15,0,38,19,190,8,121,4,245,1461418.18359375,4500.00048522258
431,884,10,1,18,14,41,19,116,13,146,1461417.81494141,4499.99991699752
432,834,18,1,14,18,106,20,181,8,213,1461417.81542969,4499.99991697328
433,911,28,0,76,27,322,13,164,8,441,1461418.18359375,4500.00048520954
434,886,21,0,121,15,32,16,35,25,139,1461417.81445313,4499.99991696559
435,885,24,1,65,21,394,20,254,0,536,1461417.81542969,4499.9999169938
436,836,20,4,75,34,125,20,79,12,267,1461417.81494141,4499.99991696759
437,835,26,2,60,37,419,31,232,1,569,1461417.81445313,4499.99991698987
438,912,22,1,121,32,31,21,37,22,169,1461418.18505859,4500.00048523765
439,862,19,0,84,19,38,20,40,17,148,1461417.81445313,4499.9999169838
440,837,19,1,129,11,28,26,26,20,185,1461417.81542969,4499.99991698174
441,914,26,0,332,30,44,28,24,35,363,1461418.18408203,4500.00048524344
442,913,37,2,371,36,107,40,47,7,482,1461418.18408203,4500.00048522182
443,864,24,6,293,12,45,13,17,8,340,1461417.81494141,4499.99991697539
444,863,21,4,246,21,53,21,23,8,289,1461417.81542969,4499.99991699294
445,838,19,3,194,29,51,16,19,18,269,1461417.81445313,4499.99991697735
446,915,68,3,482,62,58,70,79,56,598,1461418.18408203,4500.00048522716
447,865,23,4,263,28,44,33,155,19,486,1461417.81494141,4499.99991697887
448,839,16,8,232,27,34,21,63,24,369,1461417.81445313,4499.99991696804
449,916,41,2,260,38,23,44,202,42,488,1461418.18408203,4500.00048522692
450,866,30,9,233,29,34,23,222,20,495,1461417.81494141,4499.99991697073
451,840,31,13,232,26,42,37,158,22,425,1461417.81445313,4499.99991698073
452,917,6,1,15,4,2,2,35,6,55,1461418.18359375,4500.0004852171
453,892,11,5,54,13,7,6,178,6,240,1461417.81445313,4499.99991698618
454,891,19,4,117,18,9,21,193,19,338,1461417.81494141,4499.99991699676
455,842,16,1,78,7,12,17,231,16,320,1461417.81591797,4499.99991697066
456,841,11,10,71,13,16,16,226,11,314,1461417.81542969,4499.99991696491
457,918,4,0,3,2,0,4,52,2,33,1461418.18359375,4500.00048523089
458,843,25,4,14,23,3,32,279,26,310,1461417.81542969,4499.99991698235
459,922,4,0,1,9,0,7,77,11,74,1461418.18359375,4500.00048522596
460,872,5,3,2,3,0,3,65,4,70,1461417.81542969,4499.99991697973
461,846,9,3,4,13,2,8,190,11,220,1461417.81494141,4499.99991698608
462,897,3,0,0,4,0,3,45,5,50,1461417.81494141,4499.99991697439
463,847,3,7,2,4,0,3,40,8,37,1461417.81542969,4499.99991697277
464,1017,0,0,7,1,0,1,14,2,21,1461417.81445313,4499.99991696925
465,991,17,1,67,25,7,26,319,30,373,1461417.81494141,4499.99991697549
466,941,38,1,183,39,7,31,210,32,416,1461418.18408203,4500.00048522358
467,1016,28,4,129,32,10,24,323,19,469,1461417.81445313,4499.99991698149
468,966,30,0,126,28,10,28,299,24,423,1461417.81542969,4499.99991697356
469,940,49,2,392,60,31,72,107,56,526,1461418.18457031,4500.00048522344
470,1015,57,1,496,52,38,52,45,56,583,1461417.81494141,4499.99991697759
471,965,82,0,552,99,42,76,39,76,602,1461417.81494141,4499.99991697542
472,939,85,2,493,86,75,89,43,69,598,1461418.18408203,4500.00048522892
473,1014,46,0,429,59,52,56,71,60,543,1461417.81494141,4499.99991696821
474,1013,56,4,363,54,92,61,95,47,522,1461417.81494141,4499.99991698439
475,964,38,0,382,46,50,38,34,40,484,1461417.81494141,4499.99991697811
476,963,41,4,384,44,151,40,54,9,560,1461417.81494141,4499.99991698015
477,938,39,1,323,31,48,37,38,31,372,1461418.18408203,4500.00048523723
478,1012,25,0,106,15,42,14,25,12,167,1461417.81494141,4499.99991697608
479,962,16,0,113,16,44,14,20,12,173,1461417.81445313,4499.99991696169
480,937,35,0,193,28,56,38,39,24,262,1461418.18457031,4500.00048523817
481,1011,19,0,49,20,218,6,95,1,269,1461417.81494141,4499.99991697922
482,986,24,0,98,12,108,12,46,9,197,1461417.81494141,4499.99991699225
483,985,17,0,31,9,106,8,68,1,137,1461417.81445313,4499.99991698363
484,936,20,0,93,22,53,20,14,14,165,1461418.18457031,4500.00048522547
485,935,25,0,65,35,416,6,200,2,550,1461418.18457031,4500.00048522317
486,1010,8,0,27,9,32,4,32,3,78,1461417.81396484,4499.99991698063
487,984,3,0,23,7,36,4,29,5,76,1461417.81494141,4499.99991697794
488,934,9,0,20,6,31,7,33,2,70,1461418.18408203,4500.00048521675
489,1009,7,0,21,3,27,4,31,4,67,1461417.81445313,4499.99991697532
490,959,3,0,20,5,33,6,35,6,84,1461417.81542969,4499.99991698177
491,933,3,0,26,8,26,5,31,7,90,1461418.18359375,4500.00048523488
492,1008,7,1,13,2,20,3,30,4,60,1461417.81494141,4499.99991696101
493,1007,3,0,6,6,8,3,38,0,43,1461417.81494141,4499.99991696701
494,958,4,0,15,9,16,10,33,4,84,1461417.81494141,4499.99991701115
495,957,3,0,15,8,31,4,32,2,69,1461417.81494141,4499.9999169628
496,932,6,0,15,6,20,5,46,2,69,1461418.18408203,4500.00048523013
497,1006,2,0,0,0,3,1,27,2,25,1461417.81542969,4499.99991696973
498,956,1,0,1,8,4,2,48,4,51,1461417.81542969,4499.99991697083
499,931,4,1,10,4,7,3,39,6,61,1461418.18359375,4500.00048523386
500,980,2,0,1,1,4,4,23,1,35,1461417.81542969,4499.99991699039
501,930,3,0,1,2,6,0,42,2,43,1461418.18408203,4500.00048523537
502,1131,3,0,1,4,3,4,91,5,95,1461417.81591797,4499.99991697728
503,1106,3,0,0,0,2,1,18,0,24,1461417.81494141,4499.99991697422
504,1056,1,0,1,1,2,1,18,3,24,1461417.81445313,4499.99991695966
505,1031,4,1,3,4,9,3,38,5,60,1461417.81445313,4499.99991698801
506,1132,5,2,4,3,4,4,102,7,78,1461417.81494141,4499.99991697949
507,1108,4,0,2,3,4,4,38,0,50,1461417.81396484,4499.99991697922
508,1107,4,0,2,8,4,1,49,3,62,1461417.81591797,4499.9999169667
509,1058,5,0,0,4,10,3,41,5,54,1461417.81542969,4499.99991695449
510,1057,0,0,1,10,4,4,48,1,58,1461417.81445313,4499.99991696846
511,1032,4,0,2,2,7,5,25,3,49,1461417.81494141,4499.99991696745
512,1133,1,0,3,2,6,3,50,3,58,1461417.81542969,4499.99991695949
513,1109,4,0,1,2,5,2,54,5,48,1461417.81445313,4499.9999169639
514,1059,2,0,6,2,8,4,35,2,56,1461417.81542969,4499.99991696015
515,1033,6,0,4,1,14,4,37,3,80,1461417.81542969,4499.99991696501
516,1134,36,1,20,26,96,22,316,11,477,1461417.81445313,4499.9999169827
517,1084,2,0,0,0,7,7,51,0,55,1461417.81494141,4499.99991696932
518,1060,12,0,22,8,46,8,29,4,65,1461417.81494141,4499.99991696077
519,1034,7,0,17,6,29,10,24,6,74,1461417.81542969,4499.9999169727
520,1136,12,0,21,12,71,11,53,6,115,1461417.81494141,4499.99991697745
521,1135,27,0,34,21,50,26,147,10,234,1461417.81494141,4499.99991697566
522,1086,13,0,45,11,54,7,37,6,115,1461417.81494141,4499.99991694449
523,1085,15,1,39,10,82,8,42,2,109,1461417.81445313,4499.9999169588
524,1061,11,0,33,13,71,13,38,6,136,1461417.81542969,4499.99991695787
525,1036,6,0,60,13,48,13,33,7,116,1461417.81494141,4499.99991698328
526,1035,11,0,24,8,60,14,39,5,123,1461417.81494141,4499.9999169848
527,1137,35,7,65,24,30,35,199,30,287,1461417.81494141,4499.99991698432
528,1112,28,1,87,26,39,27,80,25,216,1461417.81494141,4499.99991697787
529,1062,10,1,107,12,46,18,18,13,159,1461417.81494141,4499.99991694366
530,1037,34,1,158,35,42,31,55,45,270,1461417.81445313,4499.99991697949
531,1138,23,8,114,30,33,24,307,23,483,1461417.81445313,4499.99991696463
532,1114,42,3,155,38,48,42,344,30,531,1461417.81494141,4499.99991697694
533,1113,55,4,90,42,28,35,215,37,331,1461417.81591797,4499.99991698963
534,1064,58,1,272,59,20,47,134,58,449,1461417.81542969,4499.99991695314
535,1063,36,2,162,56,26,44,216,45,416,1461417.81445313,4499.99991696322
536,1038,54,2,331,62,44,56,103,52,499,1461417.81542969,4499.99991696756
537,1139,30,1,209,34,63,33,285,21,624,1461417.81445313,4499.99991697346
538,1115,34,5,288,26,67,33,212,18,536,1461417.81494141,4499.99991697728
539,1065,49,1,510,57,44,47,31,53,606,1461417.81494141,4499.99991694256
540,1039,51,2,473,44,46,51,42,49,530,1461417.81494141,4499.99991698377
541,1140,33,7,192,31,39,29,311,25,532,1461417.81542969,4499.99991697863
542,1116,42,2,131,46,18,32,365,44,485,1461417.81542969,4499.99991698515
543,1066,38,1,458,43,34,42,192,38,703,1461417.81445313,4499.99991694984
544,1040,35,2,452,38,24,43,113,46,572,1461417.81445313,4499.99991698863
545,1142,7,0,8,8,1,7,152,7,183,1461417.81494141,4499.9999169749
546,1141,21,4,68,28,7,28,331,25,449,1461417.81445313,4499.99991698711
547,1091,42,4,213,48,18,46,255,43,538,1461417.81445313,4499.99991696311
548,1067,3,0,19,1,3,2,21,2,49,1461417.81494141,4499.99991697335
549,1041,32,3,171,22,11,28,283,31,509,1461417.81542969,4499.99991696645
550,1246,1,0,6,4,0,3,67,4,63,1461418.18359375,4500.00048523341
551,1245,5,0,2,2,2,6,90,1,83,1461418.18457031,4500.00048523282
552,1221,9,2,2,5,2,6,65,13,79,1461417.81591797,4499.99991698073
553,1220,4,0,5,4,2,4,60,3,83,1461417.81494141,4499.99991696473
554,1170,19,1,1,16,0,9,115,12,100,1461417.81494141,4499.99991696914
555,1244,3,0,0,1,1,1,57,3,71,1461418.18457031,4500.0004852291
556,1219,5,0,1,3,3,0,70,5,63,1461417.81591797,4499.99991698429
557,1243,1,1,3,5,1,4,73,1,62,1461418.18408203,4500.0004852192
558,1193,1,0,0,2,0,0,58,1,56,1461417.81445313,4499.99991699056
559,1168,7,0,1,6,1,3,49,6,49,1461417.81445313,4499.99991698228
560,1242,5,1,3,2,4,2,74,5,88,1461418.18359375,4500.00048523079
561,1241,10,6,10,14,6,16,149,7,145,1461418.18359375,4500.00048521785
562,1192,14,3,13,16,8,12,266,8,266,1461417.81494141,4499.99991698794
563,1191,25,4,9,14,8,20,292,18,337,1461417.81542969,4499.99991698767
564,1167,19,3,18,19,14,22,322,25,394,1461417.81542969,4499.99991698411
565,1240,32,5,60,24,57,25,234,14,388,1461418.18408203,4500.00048521834
566,1216,8,2,10,11,6,12,208,16,216,1461417.81591797,4499.99991698777
567,1166,17,4,15,16,9,16,370,10,363,1461417.81494141,4499.99991696745
568,1239,34,8,71,33,80,30,383,25,468,1461418.18408203,4500.00048523265
569,1215,44,7,114,37,102,40,354,8,538,1461417.81494141,4499.99991696949
570,1165,33,6,197,45,131,46,272,16,592,1461417.81494141,4499.99991700749
571,1238,31,4,56,38,60,24,369,29,450,1461418.18457031,4500.00048522099
572,1214,32,6,86,22,91,38,379,13,580,1461417.81445313,4499.99991695863
573,1213,38,15,88,36,22,42,311,32,404,1461417.81542969,4499.99991698008
574,1164,26,11,126,22,54,29,452,15,645,1461417.81494141,4499.99991698794
575,1163,27,9,60,35,26,38,267,29,421,1461417.81396484,4499.99991696956
576,1237,24,8,31,14,14,20,199,32,251,1461418.18408203,4500.0004852292
577,1212,24,0,54,25,10,22,112,27,190,1461417.81494141,4499.9999169948
578,1162,24,0,115,28,17,30,121,38,255,1461417.81494141,4499.99991697718
579,1236,17,1,24,15,6,15,127,19,168,1461418.18408203,4500.00048522378
580,1235,13,0,8,19,42,20,62,19,116,1461418.18359375,4500.00048522741
581,1186,27,1,100,31,25,27,84,15,207,1461417.81494141,4499.9999169787
582,1185,19,1,41,31,54,19,170,18,274,1461417.81494141,4499.99991698735
583,1161,15,0,37,12,58,13,68,4,154,1461417.81542969,4499.99991697363
584,1234,60,8,31,48,153,51,465,14,596,1461418.18408203,4500.00048523003
585,1184,44,3,27,49,124,27,439,10,538,1461417.81542969,4499.99991697811
586,1160,25,5,43,27,93,23,235,16,326,1461417.81445313,4499.99991696373
587,1233,24,3,3,23,22,16,197,21,241,1461418.18408203,4500.00048523572
588,1209,9,0,3,11,26,10,112,4,127,1461417.81494141,4499.99991697346
589,1159,5,0,0,9,9,2,45,7,67,1461417.81542969,4499.99991698507
590,1232,8,1,0,4,3,6,72,6,100,1461418.18359375,4500.00048522461
591,1208,3,0,1,3,8,4,58,4,50,1461417.81445313,4499.99991698625
592,1207,13,1,2,9,1,13,139,11,131,1461417.81542969,4499.99991697649
593,1158,2,0,0,1,8,3,46,1,51,1461417.81591797,4499.99991698532
594,1157,5,1,2,14,4,6,109,11,120,1461417.81445313,4499.99991698584
595,1231,10,0,1,16,0,8,131,5,132,1461418.18457031,4500.00048524638
596,1206,0,0,0,1,0,0,21,0,17,1461417.81542969,4499.99991699235
597,1230,0,0,0,2,1,2,53,3,61,1461418.18457031,4500.00048521334
598,1229,2,1,0,1,1,3,46,2,72,1461418.18408203,4500.00048521089
599,1228,2,0,1,2,1,1,39,1,63,1461418.18359375,4500.00048521996
600,1327,2,2,0,0,0,3,31,2,31,1461417.81445313,4499.99991697346
601,1303,2,1,0,3,2,3,90,2,84,1461417.81591797,4499.99991697287
602,1329,8,0,1,10,0,6,107,6,124,1461417.81542969,4499.99991695545
603,1328,6,3,0,5,1,3,111,2,104,1461417.81445313,4499.99991699301
604,1279,7,0,1,2,3,9,130,2,105,1461417.81494141,4499.99991699049
605,1278,3,2,1,4,1,4,102,3,90,1461417.81542969,4499.99991697211
606,1254,3,1,0,7,1,4,99,4,112,1461418.18408203,4500.00048523334
607,1330,15,0,2,13,2,16,135,17,164,1461417.81494141,4499.99991697252
608,1280,5,0,1,3,2,3,103,3,108,1461417.81494141,4499.9999169877
609,1255,7,2,1,4,1,7,99,4,110,1461418.18408203,4500.00048523706
610,1331,10,1,3,10,2,13,138,12,155,1461417.81494141,4499.99991698515
611,1306,8,1,1,3,0,5,92,6,113,1461417.81494141,4499.99991696839
612,1256,2,0,3,6,3,7,109,5,127,1461418.18359375,4500.00048522089
613,1332,12,2,1,8,2,11,157,16,150,1461417.81494141,4499.99991697169
614,1308,9,1,1,5,1,6,133,8,154,1461417.81591797,4499.9999169887
615,1307,6,2,2,7,1,8,138,11,125,1461417.81542969,4499.99991700752
616,1258,19,3,2,24,24,15,213,17,191,1461418.18359375,4500.00048521827
617,1257,9,0,3,5,1,7,125,11,161,1461418.18359375,4500.00048520472
618,1333,16,5,12,12,46,27,245,14,272,1461417.81494141,4499.99991697515
619,1309,44,6,19,47,115,40,389,21,511,1461417.81445313,4499.99991699394
620,1259,39,6,16,40,111,47,336,20,476,1461418.18408203,4500.00048521861
621,1334,43,5,14,39,113,43,314,10,469,1461417.81494141,4499.99991696128
622,1284,76,3,40,74,224,70,469,7,702,1461417.81494141,4499.99991699404
623,1260,58,6,35,73,209,58,412,9,590,1461418.18457031,4500.00048522596
624,1336,16,1,14,9,16,17,93,14,107,1461417.81494141,4499.99991697956
625,1335,19,0,5,21,44,18,62,17,114,1461417.81542969,4499.99991698439
626,1286,21,2,20,22,10,19,108,15,110,1461417.81445313,4499.99991697694
627,1285,31,1,22,32,108,35,230,9,369,1461417.81542969,4499.99991697811
628,1261,24,0,5,23,28,20,57,18,67,1461418.18359375,4500.00048522934
629,1337,23,2,30,18,28,18,149,20,232,1461417.81542969,4499.99991698939
630,1312,22,1,12,18,3,18,114,17,137,1461417.81494141,4499.99991699608
631,1262,12,3,14,16,6,22,116,20,157,1461418.18408203,4500.00048521531
632,1338,31,7,74,39,48,30,248,32,349,1461417.81445313,4499.99991697101
633,1314,32,4,48,37,35,36,301,30,378,1461417.81591797,4499.99991698618
634,1313,42,5,38,30,25,30,229,33,317,1461417.81445313,4499.99991697829
635,1264,35,3,49,37,40,44,451,44,570,1461418.18310547,4500.00048523782
636,1263,39,6,27,36,19,35,248,28,306,1461418.18457031,4500.00048522893
637,1339,35,8,37,25,29,31,202,32,287,1461417.81494141,4499.99991698853
638,1315,29,6,49,34,39,34,223,30,315,1461417.81445313,4499.99991697008
639,1265,20,4,57,34,26,33,285,32,392,1461418.18457031,4500.0004852362
640,1340,22,7,22,22,26,20,199,32,236,1461417.81494141,4499.99991697618
641,1316,7,2,9,6,7,8,138,4,159,1461417.81445313,4499.99991697559
642,1266,14,0,9,8,5,8,167,9,175,1461418.18359375,4500.0004852263
643,1342,4,1,4,7,3,5,61,2,93,1461417.81445313,4499.99991698576
644,1341,6,3,6,7,5,8,165,8,180,1461417.81494141,4499.99991698456
645,1292,5,0,7,6,2,4,69,3,90,1461417.81542969,4499.99991697439
646,1291,7,2,11,7,5,5,131,9,176,1461417.81494141,4499.99991698346
647,1267,12,1,6,11,3,7,152,6,151,1461418.18408203,4500.00048522986
648,1343,3,0,2,4,1,4,52,5,56,1461417.81445313,4499.99991697108
649,1293,5,1,5,2,0,2,48,2,67,1461417.81542969,4499.99991697338
650,1268,3,1,5,3,0,4,75,4,57,1461418.18359375,4500.00048524072
651,1344,2,0,3,2,1,3,77,2,73,1461417.81542969,4499.99991697687
652,1319,2,2,2,3,0,5,64,2,62,1461417.81494141,4499.99991698694
653,1269,3,0,4,4,1,1,50,3,72,1461418.18359375,4500.00048522927
654,1345,3,0,1,3,1,4,54,1,76,1461417.81445313,4499.99991698718
655,1321,3,1,3,1,0,2,55,4,65,1461417.81542969,4499.99991697297
656,1320,3,0,1,2,5,4,71,2,60,1461417.81542969,4499.99991698515
657,1271,2,1,2,3,3,3,65,3,57,1461418.18310547,4500.00048522182
658,1270,7,0,5,3,2,6,58,4,67,1461418.18359375,4500.00048524503
659,1346,2,2,2,4,0,3,38,1,48,1461417.81542969,4499.99991698446
660,1322,1,0,3,2,1,2,58,5,51,1461417.81494141,4499.99991698018
661,1347,3,0,1,0,1,4,23,0,48,1461417.81494141,4499.99991697532
662,1297,0,0,1,1,1,0,33,0,44,1461417.81494141,4499.99991697738
663,1397,4,0,0,3,1,5,42,0,45,1461417.81396484,4499.99991695491
664,1446,1,0,1,2,1,0,21,1,31,1461417.81494141,4499.99991696856
665,1422,2,0,1,3,0,3,27,0,36,1461417.81494141,4499.99991698159
666,1372,3,1,2,4,1,1,32,2,35,1461417.81494141,4499.99991697411
667,1445,1,1,2,5,1,2,33,2,34,1461417.81494141,4499.99991699318
668,1421,6,1,2,3,0,3,39,2,32,1461417.81396484,4499.99991697507
669,1420,3,1,0,2,1,2,45,3,33,1461417.81591797,4499.99991698235
670,1371,1,1,3,0,0,1,40,1,45,1461417.81542969,4499.9999169727
671,1370,3,0,3,3,2,2,74,0,61,1461417.81445313,4499.99991697294
672,1444,6,2,4,10,2,3,100,5,108,1461417.81445313,4499.99991697414
673,1419,12,4,52,10,6,10,134,11,202,1461417.81591797,4499.99991698252
674,1369,2,0,1,5,1,7,70,4,76,1461417.81396484,4499.99991697591
675,1443,15,6,97,15,15,14,165,12,314,1461417.81542969,4499.99991697463
676,1393,6,1,19,0,2,7,72,7,86,1461417.81494141,4499.999916986
677,1368,4,0,3,5,2,1,73,3,69,1461417.81445313,4499.99991698083
678,1442,11,4,96,9,9,18,182,19,277,1461417.81494141,4499.9999169766
679,1441,17,8,114,20,24,14,256,18,355,1461417.81445313,4499.99991696569
680,1392,4,1,28,3,1,5,121,10,154,1461417.81542969,4499.9999169698
681,1391,16,7,111,18,27,18,256,14,411,1461417.81494141,4499.99991698529
682,1367,10,0,18,7,11,8,156,12,184,1461417.81494141,4499.99991697515
683,1440,38,4,83,39,14,31,251,41,362,1461417.81494141,4499.9999169589
684,1416,19,8,113,18,28,13,235,16,385,1461417.81494141,4499.99991699346
685,1366,19,8,77,13,12,13,220,16,309,1461417.81445313,4499.99991698184
686,1439,23,11,62,28,11,24,189,27,258,1461417.81445313,4499.99991698066
687,1415,37,2,32,47,19,52,248,44,332,1461417.81494141,4499.99991699073
688,1365,35,4,16,35,28,24,236,30,304,1461417.81542969,4499.99991697328
689,1438,21,3,84,19,58,19,201,9,356,1461417.81542969,4499.99991698245
690,1414,29,8,45,27,20,29,185,28,269,1461417.81542969,4499.99991697025
691,1413,38,7,121,20,80,20,242,19,471,1461417.81494141,4499.99991697184
692,1364,29,4,32,40,23,40,208,23,267,1461417.81445313,4499.99991698166
693,1363,36,11,142,35,71,28,278,24,516,1461417.81542969,4499.99991698152
694,1437,11,2,32,11,26,16,84,19,142,1461417.81445313,4499.99991696263
695,1412,11,1,5,6,10,10,57,9,74,1461417.81494141,4499.9999169959
696,1362,18,1,16,11,10,9,67,10,89,1461417.81494141,4499.99991697108
697,1436,19,1,20,24,34,15,108,13,161,1461417.81542969,4499.99991697252
698,1435,30,0,21,24,141,29,239,4,400,1461417.81542969,4499.99991697397
699,1386,12,1,9,16,42,20,88,13,132,1461417.81542969,4499.99991697083
700,1385,27,0,8,27,95,31,153,11,249,1461417.81494141,4499.99991698583
701,1361,27,3,16,22,75,25,126,11,214,1461417.81445313,4499.99991697652
702,1434,52,11,35,51,74,60,420,28,548,1461417.81445313,4499.99991698338
703,1384,34,10,21,45,119,35,421,21,545,1461417.81494141,4499.99991697429
704,1360,45,7,20,33,132,36,277,8,398,1461417.81494141,4499.99991696584
705,1433,39,1,6,31,29,33,288,32,319,1461417.81542969,4499.99991698922
706,1409,45,9,17,46,76,44,397,25,468,1461417.81494141,4499.99991697414
707,1359,32,8,19,34,151,31,439,15,540,1461417.81494141,4499.99991698615
708,1432,12,2,2,13,8,8,198,14,172,1461417.81494141,4499.99991697897
709,1408,11,1,1,9,5,8,168,8,168,1461417.81494141,4499.99991698497
710,1407,9,1,0,14,6,10,164,11,179,1461417.81494141,4499.99991697922
711,1358,9,3,5,9,3,12,184,9,192,1461417.81445313,4499.99991698277
712,1357,6,0,2,6,7,9,165,11,170,1461417.81542969,4499.99991698277
713,1431,13,0,0,18,2,15,145,8,151,1461417.81542969,4499.99991697525
714,1406,21,1,0,13,2,18,139,24,142,1461417.81542969,4499.99991699659
715,1356,22,0,3,28,6,31,173,29,189,1461417.81494141,4499.99991696897
716,1430,28,1,1,20,1,19,142,22,155,1461417.81494141,4499.99991698846
717,1380,32,0,2,30,1,27,186,28,184,1461417.81494141,4499.99991697439
718,1355,11,2,1,19,0,9,150,11,170,1461417.81494141,4499.99991698811
719,1429,19,0,0,10,0,9,139,10,133,1461417.81542969,4499.99991696076
720,1428,1,1,1,4,2,3,114,5,111,1461417.81494141,4499.99991700108
721,1379,12,0,3,12,2,8,136,13,141,1461417.81542969,4499.99991698801
722,1378,5,1,0,1,1,5,105,1,107,1461417.81542969,4499.99991695594
723,1354,8,0,0,4,2,7,140,5,131,1461417.81542969,4499.99991697101
724,1427,3,2,1,10,2,3,112,4,83,1461417.81445313,4499.99991697745
725,1403,5,2,2,6,1,5,115,3,109,1461417.81494141,4499.99991698625
726,1353,4,0,1,3,1,1,111,6,106,1461417.81396484,4499.99991697201
727,1402,3,0,1,1,1,9,86,4,75,1461417.81494141,4499.99991698183
728,1352,6,1,0,7,3,6,53,2,75,1461417.81445313,4499.99991697008
729,1452,7,1,0,6,3,7,77,8,78,1461417.81494141,4499.99991697263
730,1453,3,2,3,4,2,2,90,5,126,1461417.81542969,4499.99991697525
731,1529,6,0,1,6,0,8,137,14,122,1461417.81494141,4499.99991696405
732,1528,5,0,3,1,3,5,111,10,107,1461417.81494141,4499.99991696904
733,1479,14,0,3,7,2,12,151,8,149,1461417.81494141,4499.99991699997
734,1478,2,1,0,4,3,0,103,1,107,1461417.81494141,4499.9999169738
735,1454,7,1,0,5,2,12,140,9,140,1461417.81542969,4499.9999169826
736,1530,10,3,1,14,2,8,114,10,120,1461417.81494141,4499.9999169677
737,1480,23,3,0,16,1,24,131,13,144,1461417.81494141,4499.9999169859
738,1455,6,0,0,16,2,12,129,6,151,1461417.81494141,4499.99991697897
739,1531,12,1,0,9,3,9,146,18,175,1461417.81494141,4499.99991699411
740,1506,14,0,1,18,3,15,137,16,125,1461417.81494141,4499.99991697108
741,1456,13,2,1,20,1,16,132,22,140,1461417.81494141,4499.99991697473
742,1532,10,3,2,16,3,14,191,21,217,1461417.81445313,4499.99991698708
743,1508,35,3,0,32,16,40,297,29,295,1461417.81445313,4499.9999169848
744,1507,22,1,0,27,1,21,221,10,206,1461417.81494141,4499.99991698076
745,1458,8,7,4,16,4,10,188,14,228,1461417.81542969,4499.99991696255
746,1457,16,2,0,19,5,17,201,16,230,1461417.81494141,4499.99991697159
747,1533,32,2,4,32,37,42,364,31,343,1461417.81542969,4499.99991697015
748,1509,41,4,18,37,59,40,467,31,545,1461417.81494141,4499.99991698356
749,1459,55,11,21,52,81,48,427,40,496,1461417.81542969,4499.99991696483
750,1534,49,12,8,57,43,64,482,50,607,1461417.81494141,4499.99991700428
751,1484,38,6,16,48,63,44,430,23,538,1461417.81494141,4499.99991696753
752,1460,42,4,17,31,146,40,318,13,485,1461417.81542969,4499.99991696439
753,1536,18,3,8,16,32,24,140,15,182,1461417.81542969,4499.99991697015
754,1535,18,1,8,18,49,16,141,13,200,1461417.81494141,4499.99991697897
755,1486,24,3,17,26,37,16,119,9,169,1461417.81494141,4499.99991698787
756,1485,31,3,24,34,99,24,201,4,331,1461417.81445313,4499.99991698615
757,1461,27,5,27,25,77,33,174,8,259,1461417.81445313,4499.99991696025
758,1537,41,10,73,38,42,34,328,25,430,1461417.81494141,4499.99991695932
759,1512,19,0,18,12,10,14,111,17,143,1461417.81494141,4499.99991697787
760,1462,13,0,7,17,8,12,51,14,77,1461417.81542969,4499.99991697584
761,1538,31,12,67,31,48,37,416,27,508,1461417.81494141,4499.99991697787
762,1514,22,6,44,21,19,19,260,22,339,1461417.81445313,4499.99991697532
763,1513,26,6,123,34,78,32,298,26,524,1461417.81445313,4499.99991697304
764,1464,18,3,39,10,12,19,161,18,231,1461417.81542969,4499.99991698404
765,1463,28,14,140,23,85,15,232,3,437,1461417.81445313,4499.99991700421
766,1539,22,7,29,16,16,21,356,22,429,1461417.81494141,4499.99991696997
767,1515,19,4,42,18,26,20,335,23,386,1461417.81591797,4499.99991696221
768,1465,48,6,54,33,14,44,246,45,307,1461417.81445313,4499.99991698194
769,1540,14,12,75,24,14,11,230,14,339,1461417.81494141,4499.9999169887
770,1490,15,1,38,14,13,13,150,10,202,1461417.81494141,4499.99991699387
771,1466,8,2,53,7,9,17,131,12,233,1461417.81542969,4499.99991698098
772,1542,4,4,11,8,3,6,103,6,128,1461417.81494141,4499.99991698056
773,1541,7,9,10,3,3,8,85,7,105,1461417.81494141,4499.99991700115
774,1492,9,7,73,13,9,7,139,12,232,1461417.81542969,4499.99991698
775,1491,1,6,16,5,3,11,110,2,119,1461417.81542969,4499.99991699242
776,1467,5,4,22,7,1,7,94,7,129,1461417.81494141,4499.99991697963
777,1543,7,1,3,5,0,6,118,8,129,1461417.81494141,4499.99991698318
778,1493,11,4,95,19,7,14,182,11,276,1461417.81494141,4499.99991699228
779,1468,15,4,92,14,12,15,197,6,282,1461417.81494141,4499.99991697432
780,1544,3,1,8,6,3,5,89,7,96,1461417.81445313,4499.99991697142
781,1519,10,2,19,3,4,5,119,10,180,1461417.81494141,4499.99991698794
782,1469,12,3,72,8,4,19,153,14,239,1461417.81494141,4499.99991698532
783,1545,0,0,0,2,1,0,28,0,28,1461417.81494141,4499.99991697635
784,1521,2,1,0,4,0,1,29,1,30,1461417.81591797,4499.99991698083
785,1520,1,1,0,0,0,1,23,5,31,1461417.81494141,4499.99991697
786,1471,1,1,1,1,0,1,24,3,27,1461417.81445313,4499.99991698346
787,1470,2,0,0,2,0,3,35,2,40,1461417.81396484,4499.99991697922
788,1546,0,0,0,1,0,0,30,0,29,1461417.81542969,4499.99991700039
789,1646,2,1,0,3,1,2,25,0,30,1461417.81494141,4499.99991696966
790,1645,2,0,2,2,0,1,32,1,35,1461417.81494141,4499.99991698149
791,1621,4,3,2,1,0,1,20,2,39,1461418.18359375,4500.00048520834
792,1620,3,3,0,0,3,2,30,1,46,1461418.18359375,4500.00048522537
793,1571,0,0,1,1,0,1,33,2,26,1461417.81494141,4499.9999169859
794,1570,1,2,0,0,0,2,27,1,33,1461417.81542969,4499.99991698759
795,1619,7,2,0,11,0,7,120,12,128,1461418.18457031,4500.00048521658
796,1569,6,0,8,9,1,7,135,9,133,1461417.81445313,4499.99991699708
797,1643,7,5,5,6,0,7,110,7,135,1461417.81445313,4499.99991697701
798,1593,4,1,3,4,0,9,135,5,116,1461418.18408203,4500.00048521913
799,1568,10,4,0,8,2,7,99,5,108,1461417.81542969,4499.99991698421
800,1642,6,5,7,10,8,2,96,14,119,1461417.81494141,4499.99991698252
801,1641,9,5,95,14,11,11,139,18,263,1461417.81494141,4499.99991697177
802,1592,14,5,14,10,4,14,97,7,133,1461418.18359375,4500.00048521903
803,1591,4,3,28,6,6,4,100,3,120,1461418.18408203,4500.00048521692
804,1567,8,5,11,9,7,7,99,5,128,1461417.81445313,4499.99991700367
805,1640,10,8,56,8,7,5,170,6,223,1461417.81494141,4499.99991698532
806,1590,9,6,62,15,10,11,174,13,236,1461418.18408203,4500.0004852203
807,1566,14,13,102,11,13,13,110,14,217,1461417.81494141,4499.99991697887
808,1639,11,6,35,9,10,7,160,10,220,1461417.81445313,4499.99991697245
809,1615,2,4,26,6,13,10,193,6,226,1461418.18457031,4500.00048524834
810,1565,16,6,36,15,11,16,257,19,342,1461417.81445313,4499.99991699936
811,1638,8,4,22,15,7,8,186,5,234,1461417.81542969,4499.99991697532
812,1614,7,6,25,4,13,5,164,5,213,1461418.18408203,4500.00048522393
813,1613,32,7,46,40,34,38,283,33,379,1461418.18408203,4500.00048522868
814,1564,17,6,35,21,17,21,265,17,326,1461417.81445313,4499.99991699346
815,1563,62,8,66,57,58,54,373,56,573,1461417.81445313,4499.99991699588
816,1637,30,2,25,24,24,31,316,38,375,1461417.81494141,4499.99991697066
817,1587,21,1,17,22,22,23,198,28,252,1461418.18457031,4500.00048521996
818,1562,20,0,15,15,19,22,201,24,217,1461417.81494141,4499.99991698439
819,1636,17,4,17,19,26,16,177,18,224,1461417.81494141,4499.99991697356
820,1635,18,3,9,14,48,18,124,9,154,1461417.81494141,4499.99991699649
821,1586,9,7,15,18,31,5,144,14,214,1461418.18408203,4500.00048523782
822,1585,8,2,4,16,37,17,128,21,169,1461418.18408203,4500.00048522665
823,1561,10,2,7,10,42,7,113,13,173,1461417.81542969,4499.99991699732
824,1634,22,3,1,21,1,17,110,15,159,1461417.81542969,4499.99991696584
825,1584,63,7,9,48,43,42,476,53,548,1461418.18408203,4500.00048520785
826,1560,25,2,9,38,29,27,243,29,268,1461417.81445313,4499.99991698666
827,1633,16,6,2,12,7,15,151,23,142,1461417.81494141,4499.99991696728
828,1609,24,4,3,20,21,31,281,27,296,1461418.18359375,4500.00048522292
829,1559,39,7,2,38,37,30,469,39,510,1461417.81542969,4499.99991699928
830,1632,9,1,0,9,4,11,100,8,120,1461417.81396484,4499.99991697652
831,1608,27,3,0,23,7,19,188,19,200,1461418.18457031,4500.00048523572
832,1607,5,1,1,6,4,6,103,5,111,1461418.18408203,4500.00048522116
833,1558,14,10,3,21,4,22,195,19,209,1461417.81494141,4499.99991695925
834,1557,5,0,1,9,2,4,123,7,116,1461417.81445313,4499.99991698818
835,1631,7,1,1,3,2,4,95,10,96,1461417.81542969,4499.99991695594
836,1606,7,0,0,5,1,4,95,7,104,1461418.18457031,4500.00048522751
837,1556,9,0,0,5,2,3,89,6,93,1461417.81445313,4499.99991698649
838,1630,3,0,2,4,1,7,88,6,102,1461417.81494141,4499.99991696
839,1580,2,0,1,7,1,3,96,6,109,1461418.18408203,4500.00048523461
840,1555,8,1,0,7,2,4,102,5,127,1461417.81542969,4499.99991698456
841,1629,4,2,0,7,1,1,104,5,90,1461417.81445313,4499.99991697997
842,1628,2,0,0,8,4,6,121,1,108,1461417.81494141,4499.99991696314
843,1579,6,0,0,5,2,9,105,4,80,1461418.18408203,4500.00048522454
844,1578,6,0,1,2,0,5,93,7,96,1461418.18408203,4500.00048524206
845,1554,6,2,0,4,0,3,98,10,109,1461417.81542969,4499.99991698684
846,1577,8,1,0,3,1,3,63,7,57,1461418.18457031,4500.00048523378
847,1553,9,0,0,3,4,4,103,9,96,1461417.81542969,4499.99991699235
848,1653,3,2,0,10,3,6,108,8,105,1461417.81542969,4499.99991696108
849,1729,8,1,1,7,2,8,106,1,105,1461417.81542969,4499.99991699201
850,1728,3,0,1,5,1,2,89,4,87,1461417.81445313,4499.99991696804
851,1679,4,0,0,3,1,9,105,6,92,1461417.81494141,4499.99991697338
852,1678,8,1,0,9,2,9,95,9,134,1461417.81494141,4499.99991697787
853,1654,8,0,0,7,1,3,108,4,107,1461417.81445313,4499.99991698073
854,1730,3,0,1,6,1,5,89,4,70,1461417.81542969,4499.99991697108
855,1680,4,1,1,3,4,5,112,2,103,1461417.81494141,4499.99991700166
856,1655,10,0,0,7,0,7,87,7,115,1461417.81494141,4499.9999169888
857,1731,8,0,1,4,1,7,71,5,94,1461417.81494141,4499.99991697363
858,1706,4,0,0,9,3,5,105,5,110,1461417.81494141,4499.99991697532
859,1656,8,0,0,8,2,5,89,6,85,1461417.81445313,4499.99991698904
860,1708,6,0,1,1,3,3,21,4,33,1461417.81445313,4499.99991698777
861,1707,6,0,0,1,2,5,65,5,84,1461417.81494141,4499.99991698304
862,1658,16,1,0,18,3,18,99,11,106,1461417.81494141,4499.99991698811
863,1657,5,2,0,7,1,11,79,6,112,1461417.81542969,4499.99991697912
864,1733,3,0,0,2,0,2,32,3,39,1461417.81542969,4499.99991698904
865,1709,8,3,0,16,4,12,105,11,104,1461417.81494141,4499.99991698394
866,1659,13,1,0,6,4,12,127,20,130,1461417.81494141,4499.99991696635
867,1734,5,0,1,6,1,3,38,7,35,1461417.81494141,4499.99991700563
868,1684,16,2,0,17,7,11,106,10,130,1461417.81445313,4499.99991700159
869,1660,19,2,8,21,40,15,140,17,172,1461417.81445313,4499.99991697507
870,1736,4,1,1,2,6,5,62,4,76,1461417.81445313,4499.99991696408
871,1735,5,1,1,4,10,6,65,3,55,1461417.81494141,4499.99991697753
872,1686,17,6,4,17,19,13,170,18,227,1461417.81542969,4499.99991698742
873,1685,22,3,9,15,33,25,123,15,180,1461417.81494141,4499.99991699149
874,1661,6,2,8,7,37,11,126,8,142,1461417.81494141,4499.99991697821
875,1737,13,0,5,19,5,16,196,15,188,1461417.81494141,4499.99991696608
876,1687,36,3,14,36,25,39,336,38,379,1461417.81445313,4499.99991698211
877,1662,34,5,18,29,20,28,340,28,390,1461417.81494141,4499.9999169888
878,1738,16,0,3,15,5,15,162,18,159,1461417.81494141,4499.99991696635
879,1714,34,6,23,26,7,20,240,23,318,1461417.81494141,4499.99991698056
880,1713,25,1,7,23,12,24,241,26,300,1461417.81591797,4499.99991695601
881,1664,7,5,27,7,14,13,175,5,219,1461417.81494141,4499.99991698066
882,1663,22,1,18,26,21,30,330,33,402,1461417.81445313,4499.9999169987
883,1739,30,4,11,43,21,36,418,39,430,1461417.81445313,4499.99991699691
884,1715,22,1,20,17,13,21,265,24,257,1461417.81445313,4499.99991696625
885,1665,10,6,24,8,18,11,169,10,235,1461417.81542969,4499.99991696839
886,1740,13,4,0,20,5,19,144,15,133,1461417.81542969,4499.99991698446
887,1690,11,6,72,8,9,14,163,8,273,1461417.81445313,4499.99991696559
888,1666,14,5,115,19,12,13,129,8,268,1461417.81494141,4499.9999169788
889,1742,5,1,4,5,3,8,91,0,108,1461417.81542969,4499.99991697946
890,1741,7,1,4,9,1,4,88,6,108,1461417.81494141,4499.99991698277
891,1692,7,5,12,10,5,6,97,3,126,1461417.81494141,4499.99991696373
892,1691,17,9,97,15,11,9,147,9,268,1461417.81445313,4499.99991698904
893,1667,6,3,17,4,3,4,119,9,141,1461417.81494141,4499.99991698532
894,1743,5,1,6,5,3,5,113,2,125,1461417.81542969,4499.99991698725
895,1693,7,1,4,6,3,6,126,2,141,1461417.81542969,4499.99991697559
896,1668,7,0,4,4,1,11,107,4,131,1461417.81542969,4499.9999169727
897,1719,6,1,4,6,3,2,96,7,120,1461417.81445313,4499.99991697829
898,1669,9,1,5,10,1,9,138,6,128,1461417.81542969,4499.99991697735
899,1721,4,2,0,1,0,5,67,2,84,1461417.81445313,4499.99991697073
900,1671,1,0,0,3,0,1,34,2,37,1461417.81542969,4499.9999169778
901,1746,5,0,1,4,2,4,56,4,56,1461417.81542969,4499.9999169639
902,1722,0,0,0,2,0,1,18,2,32,1461417.81445313,4499.99991698066
903,1772,0,0,0,1,0,1,21,2,23,1461417.81494141,4499.99991697083
904,1771,1,4,2,2,1,7,87,5,84,1461417.81542969,4499.99991697804
905,1819,5,1,6,6,2,8,106,7,99,1461417.81542969,4499.99991696236
906,1769,5,4,3,3,2,3,97,5,120,1461417.81542969,4499.99991698676
907,1793,2,1,3,5,3,4,95,1,102,1461417.81445313,4499.99991697236
908,1768,2,1,5,6,0,1,111,7,120,1461417.81494141,4499.99991697439
909,1842,11,1,5,5,3,3,73,3,88,1461417.81347656,4499.99991697252
910,1841,4,3,2,5,3,3,79,8,91,1461417.81494141,4499.99991698904
911,1792,3,1,3,3,2,5,101,4,110,1461417.81542969,4499.99991696476
912,1791,7,1,5,4,1,4,72,7,99,1461417.81494141,4499.99991695694
913,1767,5,3,2,3,1,5,88,4,87,1461417.81494141,4499.99991697449
914,1840,16,2,2,12,3,17,196,17,204,1461417.81396484,4499.99991699235
915,1790,16,1,1,12,4,10,149,17,128,1461417.81445313,4499.99991695356
916,1766,6,1,0,4,1,5,98,6,89,1461417.81542969,4499.99991697863
917,1839,19,0,3,17,4,31,200,22,211,1461417.81494141,4499.99991698338
918,1815,17,0,1,28,6,17,191,14,227,1461417.81445313,4499.9999169516
919,1765,23,1,3,20,6,25,243,21,254,1461417.81542969,4499.99991698659
920,1838,29,0,2,19,7,28,210,32,233,1461417.81494141,4499.99991698184
921,1814,27,2,3,23,6,23,227,28,218,1461417.81494141,4499.99991695873
922,1813,18,0,2,23,5,23,230,9,236,1461417.81494141,4499.99991694449
923,1764,25,4,5,33,11,38,282,23,302,1461417.81542969,4499.99991696907
924,1763,17,1,5,20,10,21,160,21,190,1461417.81445313,4499.99991699235
925,1837,14,0,5,18,7,15,229,21,248,1461417.81494141,4499.99991697628
926,1787,22,2,2,16,9,18,213,28,248,1461417.81494141,4499.99991695594
927,1762,18,1,3,16,4,12,180,13,186,1461417.81494141,4499.99991698811
928,1836,3,0,1,4,2,1,57,3,49,1461417.81542969,4499.99991699487
929,1786,3,0,0,2,3,3,39,0,42,1461417.81542969,4499.99991696077
930,1757,0,0,1,5,0,4,25,4,24,1461417.81494141,4499.99991697008
931,1756,3,0,1,1,2,1,52,4,36,1461417.81445313,4499.9999169849
932,1780,3,0,1,1,0,1,23,1,28,1461417.81396484,4499.99991694925
933,1755,4,0,1,4,0,5,78,7,82,1461417.81542969,4499.99991698235
934,1829,1,0,0,2,0,0,34,0,32,1461417.81494141,4499.9999169888
935,1828,0,0,0,1,0,0,26,1,35,1461417.81542969,4499.99991698356
936,1779,6,0,0,0,0,2,50,1,49,1461417.81445313,4499.99991694043
937,1778,0,0,0,2,0,0,28,1,33,1461417.81542969,4499.99991696473
938,1754,0,1,0,0,1,2,32,1,45,1461417.81494141,4499.9999169588
939,1854,1,0,0,0,2,0,26,1,27,1461417.81396484,4499.99991699159
940,1855,1,0,1,4,0,1,33,1,22,1461417.81494141,4499.99991697711
941,1886,4,0,1,6,3,9,66,4,57,1461417.81445313,4499.99991697177
942,1937,7,3,4,13,5,10,156,12,166,1461418.18359375,4500.00048523013
943,1887,13,2,5,11,4,12,185,16,197,1461417.81494141,4499.99991697081
944,1862,15,1,1,9,1,13,151,13,159,1461417.81445313,4499.99991698242
945,1938,14,0,9,12,4,12,152,10,170,1461418.18408203,4500.00048522013
946,1914,17,0,5,16,3,16,184,25,190,1461417.81396484,4499.99991697863
947,1913,26,0,4,15,4,21,188,17,219,1461417.81494141,4499.99991700225
948,1864,28,3,2,22,3,28,201,21,216,1461417.81494141,4499.99991698235
949,1863,20,0,3,22,6,27,232,13,227,1461417.81445313,4499.99991698177
950,1939,24,0,5,23,4,30,163,29,156,1461418.18408203,4500.00048522827
951,1915,25,0,3,17,2,17,236,20,244,1461417.81445313,4499.99991698304
952,1865,22,1,4,19,4,31,243,24,271,1461417.81591797,4499.99991696111
953,1940,16,2,0,22,1,16,210,18,241,1461418.18359375,4500.00048523723
954,1890,14,2,2,11,0,16,249,15,227,1461417.81591797,4499.9999169748
955,1866,5,1,3,10,0,6,86,6,99,1461417.81445313,4499.99991697515
956,1942,8,3,4,5,2,7,86,5,108,1461418.18408203,4500.0004852192
957,1941,5,3,4,1,4,7,102,4,116,1461418.18408203,4500.00048523978
958,1892,9,0,1,7,3,9,91,4,95,1461417.81591797,4499.99991696922
959,1891,4,4,2,6,3,8,78,3,81,1461417.81494141,4499.9999169726
960,1867,7,3,1,13,2,4,78,4,88,1461417.81494141,4499.99991696756
961,1868,5,0,1,3,1,4,92,7,97,1461417.81494141,4499.99991696211
962,2042,4,2,1,5,3,6,85,7,98,1461417.81494141,4499.99991697015
963,2041,8,2,1,7,2,8,93,5,120,1461417.81494141,4499.99991695763
964,1992,7,3,2,4,3,8,79,8,83,1461417.81494141,4499.99991698759
965,1991,6,2,2,9,1,4,90,9,85,1461417.81445313,4499.99991698073
966,1967,6,1,1,5,2,6,96,7,116,1461417.81542969,4499.99991699867
967,2040,7,0,14,9,2,4,133,10,158,1461417.81494141,4499.99991698711
968,1990,26,0,2,29,5,25,178,33,174,1461417.81445313,4499.99991697987
969,1966,8,1,4,8,2,7,105,4,112,1461417.81542969,4499.99991697556
970,2039,8,2,4,14,2,10,145,10,153,1461417.81494141,4499.99991698346
971,2015,21,1,6,23,4,28,149,18,176,1461418.18408203,4500.00048522351
972,1965,34,2,0,24,5,21,176,25,166,1461417.81494141,4499.99991697522
973,2038,24,0,1,22,7,24,147,33,163,1461417.81494141,4499.99991695966
974,2014,7,0,8,14,1,21,164,8,168,1461418.18359375,4500.00048522937
975,2013,7,0,4,7,1,9,109,9,124,1461418.18359375,4500.00048521903
976,1964,9,0,4,9,0,7,162,10,192,1461417.81542969,4499.99991698884
977,1963,17,0,4,12,3,13,157,10,180,1461417.81494141,4499.9999169627
978,1987,7,2,3,5,2,2,91,6,97,1461417.81494141,4499.99991699743
979,1962,4,2,4,3,5,0,80,7,108,1461417.81542969,4499.99991696539
980,2138,10,0,0,13,1,9,71,14,83,1461417.81494141,4499.99991697625
981,2114,25,1,6,10,4,25,138,12,176,1461417.81494141,4499.99991698076
982,2113,7,0,0,9,1,6,45,5,49,1461417.81542969,4499.99991697642
983,2064,14,0,8,18,7,12,129,9,155,1461417.81494141,4499.99991698784
984,2063,7,3,3,16,1,12,77,12,94,1461417.81494141,4499.99991698845
985,2139,9,0,9,6,10,6,176,10,176,1461417.81494141,4499.99991697252
986,2115,6,1,11,8,4,12,153,11,149,1461417.81542969,4499.99991699335
987,2065,7,0,10,9,4,11,140,14,157,1461417.81494141,4499.99991697297
988,2140,15,1,7,7,7,15,153,9,177,1461417.81445313,4499.99991697008
989,2090,11,0,11,12,2,9,138,13,158,1461417.81542969,4499.99991697235
990,2066,11,1,13,18,4,10,130,8,158,1461417.81494141,4499.99991697201
991,2091,6,2,5,8,0,7,93,7,135,1461417.81591797,4499.99991699666
992,2067,5,0,0,7,1,9,84,11,96,1461417.81396484,4499.99991697422
